User Input,Mapped Gene Symbol,Num of Expt. (found/total),Ave SC,Max SC
Q15208,STK38,285 / 716,31.3,419
P62244,RPS15A,401 / 716,5.7,34
O75688,PPM1B,159 / 716,28,171
P62826,RAN,440 / 716,8.8,42
A0A0A0MRZ7,IGKV2D-26,220 / 716,12.9,524
A2NJV5,IGKV2-29,220 / 716,12.9,524
A0A075B6S2,IGKV2D-29,220 / 716,12.9,524
P68032,ACTC1,656 / 716,26.6,411
P68133,ACTA1,656 / 716,26.4,411
P60709,ACTB,667 / 716,49.7,1008
P63261,ACTG1,667 / 716,49.9,1014
P0DMV8,HSPA1A,698 / 716,49.4,319
P0DMV9,HSPA1B,698 / 716,49.4,319
P35908,KRT2,628 / 716,33.3,614
P04264,KRT1,671 / 716,58.6,1141
P84243,H3F3B,384 / 716,5.1,44
Q16695,HIST3H3,383 / 716,5,44
P68431,HIST1H3H,388 / 716,5.3,44
Q71DI3,HIST2H3C,389 / 716,5.4,44
P05141,SLC25A5,525 / 716,11.5,71
P11142,HSPA8,703 / 716,46.9,338
Q6P3W7,SCYL2,95 / 716,11.7,155
Q5VTE0,EEF1A1P5,653 / 716,29.6,232
P08670,VIM,543 / 716,39.2,673
P22061,PCMT1,299 / 716,7.7,48
O60814,HIST1H2BK,515 / 716,17.3,145
Q93079,HIST1H2BH,515 / 716,17.3,145
P58876,HIST1H2BD,515 / 716,17.3,145
Q99879,HIST1H2BM,515 / 716,17.3,145
P57053,H2BFS,515 / 716,17.1,145
P62807,HIST1H2BC,515 / 716,17.3,145
Q99880,HIST1H2BL,515 / 716,17.2,144
Q99877,HIST1H2BN,515 / 716,17.3,145
Q5QNW6,HIST2H2BF,515 / 716,17.3,145
P33778,HIST1H2BB,513 / 716,16.6,139
P23527,HIST1H2BO,513 / 716,16.6,139
P06899,HIST1H2BJ,513 / 716,16.6,139
Q16778,HIST2H2BE,513 / 716,16.6,139
P62249,RPS16,411 / 716,7.2,42
P38646,HSPA9,552 / 716,26.2,161
P62851,RPS25,356 / 716,6.4,38
O43175,PHGDH,394 / 716,6.2,42
P62805,HIST1H4D,489 / 716,15.3,305
P62701,RPS4X,451 / 716,10,60
P19474,TRIM21,248 / 716,22.7,465
P13645,KRT10,616 / 716,47,811
P68371,TUBB4B,678 / 716,40,317
P07437,TUBB,685 / 716,47.2,336
O14744,PRMT5,285 / 716,109.5,3096
Q9NU22,MDN1,85 / 716,2.4,8
P10412,HIST1H1E,605 / 716,13.1,125
P62861,FAU,320 / 716,4,29
P46783,RPS10,336 / 716,8.2,77
P13647,KRT5,508 / 716,17.3,219
P35527,KRT9,577 / 716,40.6,688
P81605,DCD,279 / 716,3.7,45
P01859,IGHG2,142 / 716,5.4,55
P18085,ARF4,199 / 716,4,16
P22626,HNRNPA2B1,536 / 716,16.8,102
P62266,RPS23,413 / 716,5.1,30
P11021,HSPA5,661 / 716,23.9,146
P09651,HNRNPA1,552 / 716,12.8,72
P62269,RPS18,399 / 716,7.2,42
P61978,HNRNPK,581 / 716,23.2,150
Q9GZS1,POLR1E,35 / 716,2.6,9
P46060,RANGAP1,283 / 716,14.5,65
P01834,IGKC,36 / 716,7.4,47
P62913,RPL11,495 / 716,4.7,23
P63173,RPL38,300 / 716,8.4,58
P32969,RPL9P9,390 / 716,6.5,80
Q7Z333,SETX,43 / 716,3.9,44
P62277,RPS13,311 / 716,5.3,21
P01857,IGHG1,62 / 716,10.9,58
P23528,CFL1,496 / 716,6.7,70
P62081,RPS7,368 / 716,8.6,48
P11387,TOP1,285 / 716,7.3,67
P61160,ACTR2,140 / 716,3.5,55
P42898,MTHFR,2 / 716,2,3
P40429,RPL13A,294 / 716,6.2,60
P54577,YARS,170 / 716,4.3,35
Q86VP6,CAND1,275 / 716,7.1,65
P61011,SRP54,120 / 716,2.2,7
P07900,HSP90AA1,565 / 716,33.7,343
P08238,HSP90AB1,573 / 716,34.8,273
P51991,HNRNPA3,447 / 716,6.6,49
Q13151,HNRNPA0,405 / 716,4.9,31
P35250,RFC2,128 / 716,2.1,7
P00338,LDHA,304 / 716,7.4,60
Q9NTJ3,SMC4,253 / 716,4.6,24
P62910,RPL32,184 / 716,4.2,37
P78371,CCT2,428 / 716,19.3,245
P84098,RPL19,458 / 716,3.3,64
P06748,NPM1,554 / 716,21.5,317
P39656,DDOST,148 / 716,3.1,18
P35998,PSMC2,313 / 716,5.1,36
P62280,RPS11,340 / 716,5.6,25
P05388,RPLP0,436 / 716,8.3,57
Q00577,PURA,55 / 716,2.2,8
Q08752,PPID,15 / 716,1.3,4
P21333,FLNA,508 / 716,174.1,2388
P27635,RPL10,369 / 716,5,42
P13639,EEF2,488 / 716,20.8,223
P61353,RPL27,324 / 716,4.3,46
O75832,PSMD10,38 / 716,1.5,4
P05198,EIF2S1,240 / 716,2.9,17
P62899,RPL31,335 / 716,4.3,23
Q9Y224,C14ORF166,250 / 716,3.8,16
Q9BRX2,PELO,63 / 716,1.6,6
P40227,CCT6A,413 / 716,14,145
P49368,CCT3,367 / 716,15,116
O14980,XPO1,237 / 716,3.8,52
P62195,PSMC5,294 / 716,6.2,54
P26373,RPL13,474 / 716,5.8,50
P12277,CKB,308 / 716,12.7,96
P51149,RAB7A,104 / 716,4.7,25
Q99832,CCT7,360 / 716,14.4,115
P27816,MAP4,312 / 716,22,325
P43487,RANBP1,259 / 716,3,12
Q9Y2Z0,SUGT1,190 / 716,2.9,10
P09496,CLTA,160 / 716,3.9,11
P26641,EEF1G,461 / 716,8.9,58
P31689,DNAJA1,243 / 716,4.8,37
Q9UNX3,RPL26L1,307 / 716,4.6,18
P61254,RPL26,312 / 716,5.3,24
P41252,IARS,257 / 716,7.7,66
P18077,RPL35A,220 / 716,4.2,23
P62847,RPS24,353 / 716,6.7,47
Q4G0F5,VPS26B,6 / 716,10.8,46
O75436,VPS26A,40 / 716,1.4,8
P28066,PSMA5,187 / 716,3.7,13
P61081,UBE2M,140 / 716,2.2,9
P06493,CDK1,282 / 716,4.2,23
P63241,EIF5A,352 / 716,4.4,22
P84090,ERH,454 / 716,5.4,100
P0CG48,UBC,457 / 716,5.5,84
P62979,RPS27A,478 / 716,5.8,84
P0CG47,UBB,457 / 716,5.5,84
P62987,UBA52,462 / 716,5.5,84
Q9NZI8,IGF2BP1,343 / 716,7.4,48
P22087,FBL,387 / 716,10.8,218
P36578,RPL4,444 / 716,10.4,82
P25787,PSMA2,193 / 716,4.2,16
Q9Y678,COPG1,228 / 716,5,38
P22314,UBA1,301 / 716,10.7,146
P23246,SFPQ,484 / 716,16.6,344
P50991,CCT4,433 / 716,13.6,94
P06737,PYGL,74 / 716,3.4,23
Q14204,DYNC1H1,345 / 716,15.1,127
Q14152,EIF3A,287 / 716,9.1,56
Q02878,RPL6,432 / 716,11.3,219
P39023,RPL3,402 / 716,9.2,135
P32119,PRDX2,482 / 716,6.6,55
P78527,PRKDC,406 / 716,30.5,171
P56192,MARS,295 / 716,7.3,45
Q14137,BOP1,96 / 716,4.5,21
P42766,RPL35,302 / 716,4.1,53
Q04637,EIF4G1,293 / 716,25,153
P61247,RPS3A,434 / 716,8.6,56
P27708,CAD,387 / 716,10.7,96
P25685,DNAJB1,143 / 716,3.4,22
P84077,ARF1,262 / 716,6.3,32
P61204,ARF3,261 / 716,6.4,32
A6NDG6,PGP,11 / 716,1.3,4
P23396,RPS3,491 / 716,15.7,75
Q9Y285,FARSA,174 / 716,2.8,12
P61163,ACTR1A,208 / 716,4.6,23
O43390,HNRNPR,422 / 716,9.1,176
P06733,ENO1,478 / 716,19.8,163
P04075,ALDOA,301 / 716,11.2,77
Q15365,PCBP1,472 / 716,8.1,101
Q15366,PCBP2,475 / 716,8,55
P62829,RPL23,507 / 716,5.5,48
P06753,TPM3,354 / 716,6.4,59
O14617,AP3D1,198 / 716,5.2,22
P54136,RARS,333 / 716,9.4,47
P49756,RBM25,237 / 716,5.8,44
P19338,NCL,527 / 716,25.4,265
P46781,RPS9,388 / 716,6.7,32
P62917,RPL8,390 / 716,5.4,42
P31948,STIP1,237 / 716,8.3,67
Q9UGI8,TES,61 / 716,2.1,9
P62906,RPL10A,280 / 716,7.6,44
P27694,RPA1,242 / 716,5.7,38
Q99615,DNAJC7,150 / 716,3.2,24
P11940,PABPC1,408 / 716,11.1,97
P18124,RPL7,335 / 716,8.2,60
Q9HB71,CACYBP,187 / 716,2.9,22
Q14247,CTTN,318 / 716,15.2,122
O60884,DNAJA2,210 / 716,3.3,29
O43242,PSMD3,269 / 716,6.3,34
Q86Y56,DNAAF5,15 / 716,1.3,3
Q00610,CLTC,406 / 716,18.6,236
O76021,RSL1D1,277 / 716,6.6,42
Q92616,GCN1,246 / 716,27.8,149
P28340,POLD1,126 / 716,3.7,28
P49327,FASN,436 / 716,91.3,743
P15531,NME1,320 / 716,5.6,41
P22392,NME2,324 / 716,6.7,48
Q92973,TNPO1,130 / 716,2.3,11
P63244,RACK1,352 / 716,6.8,47
Q92974,ARHGEF2,78 / 716,1.8,6
Q9BV20,MRI1,45 / 716,2.1,7
Q9P2J5,LARS,348 / 716,7.7,61
P48643,CCT5,457 / 716,15.8,120
P22234,PAICS,322 / 716,6.5,52
O15212,PFDN6,44 / 716,1.3,3
P14618,PKM,536 / 716,19.6,178
P25786,PSMA1,180 / 716,5,23
P61289,PSME3,198 / 716,6.8,34
P26639,TARS,167 / 716,6.9,66
Q9UMR2,DDX19B,65 / 716,1.4,4
Q9NUU7,DDX19A,67 / 716,1.4,4
O00571,DDX3X,498 / 716,15.5,89
P61221,ABCE1,121 / 716,3.6,18
Q9ULX3,NOB1,32 / 716,1.3,4
P33176,KIF5B,245 / 716,9.5,48
Q9Y3I0,RTCB,290 / 716,6.1,31
O43318,MAP3K7,23 / 716,1.7,5
P62937,PPIA,439 / 716,7.8,59
Q6FI13,HIST2H2AA3,552 / 716,10.6,210
P0C0S5,H2AFZ,491 / 716,6.1,144
Q71UI9,H2AFV,491 / 716,6.1,144
P62424,RPL7A,398 / 716,8.1,57
P15880,RPS2,447 / 716,8.8,68
P12236,SLC25A6,495 / 716,10.4,117
P17812,CTPS1,312 / 716,8.5,60
P05387,RPLP2,440 / 716,6.7,120
Q02790,FKBP4,197 / 716,8.2,58
P04406,GAPDH,458 / 716,14.2,124
Q05639,EEF1A2,645 / 716,17.6,178
P60228,EIF3E,209 / 716,4.4,32
P46779,RPL28,316 / 716,6.4,64
P20042,EIF2S2,176 / 716,2.1,8
P53396,ACLY,296 / 716,10.6,116
P17844,DDX5,528 / 716,11.1,83
Q92841,DDX17,523 / 716,10.8,81
Q9UNH7,SNX6,42 / 716,1.3,3
Q14008,CKAP5,196 / 716,20.8,116
P09874,PARP1,438 / 716,17.2,150
Q6P2Q9,PRPF8,339 / 716,18.8,138
Q9H9B4,SFXN1,140 / 716,4.4,29
P23284,PPIB,228 / 716,9,56
P18206,VCL,156 / 716,4.1,28
Q9Y6E2,BZW2,22 / 716,1.9,5
P63162,SNRPN,308 / 716,7.8,192
P14678,SNRPB,308 / 716,7.8,192
P50990,CCT8,451 / 716,36.7,267
Q15233,NONO,505 / 716,22.4,387
P46778,RPL21,329 / 716,4.9,36
P63165,SUMO1,144 / 716,2.3,8
P61313,RPL15,365 / 716,7.2,43
Q8N163,CCAR2,297 / 716,8.2,65
P11586,MTHFD1,311 / 716,10.9,105
P08243,ASNS,131 / 716,4.1,42
O95816,BAG2,247 / 716,2.9,20
O43143,DHX15,432 / 716,11,165
Q96HC4,PDLIM5,116 / 716,7.6,49
Q969Q0,RPL36AL,203 / 716,3.5,19
P83881,RPL36A,220 / 716,3.8,28
Q9BQE3,TUBA1C,694 / 716,45.6,290
P68366,TUBA4A,679 / 716,35.2,234
Q71U36,TUBA1A,694 / 716,41.7,261
A6NHL2,TUBAL3,501 / 716,4.6,43
O15372,EIF3H,195 / 716,3.2,15
P42167,TMPO,386 / 716,17.7,89
Q02543,RPL18A,300 / 716,5.6,37
Q00796,SORD,46 / 716,2.7,13
P47914,RPL29,399 / 716,2.5,60
P46777,RPL5,395 / 716,7.9,63
Q14103,HNRNPD,489 / 716,6.3,37
O14979,HNRNPDL,369 / 716,4.6,25
Q9Y4R8,TELO2,33 / 716,1.3,4
Q06830,PRDX1,549 / 716,12.2,75
O00232,PSMD12,221 / 716,3.6,15
P78347,GTF2I,312 / 716,18,114
Q92945,KHSRP,403 / 716,11.4,77
Q9Y266,NUDC,296 / 716,6,33
P46977,STT3A,119 / 716,2,10
P43307,SSR1,57 / 716,1.9,7
O60506,SYNCRIP,459 / 716,7.5,97
Q99729,HNRNPAB,442 / 716,5.2,29
P78344,EIF4G2,119 / 716,7.1,46
Q9P035,HACD3,176 / 716,3.5,27
Q9BWF3,RBM4,82 / 716,2.5,10
P41250,GARS,116 / 716,2.8,21
Q9UQ80,PA2G4,260 / 716,7.7,59
P25205,MCM3,322 / 716,6.5,65
Q13442,PDAP1,233 / 716,5.1,24
Q9Y5A9,YTHDF2,250 / 716,2.4,11
Q7Z739,YTHDF3,146 / 716,1.8,11
Q93008,USP9X,177 / 716,3.7,20
P50402,EMD,270 / 716,3.8,27
Q14157,UBAP2L,322 / 716,12.7,64
P07814,EPRS,393 / 716,14.6,69
P62854,RPS26,375 / 716,3.5,65
Q9P0I2,EMC3,5 / 716,1.4,2
O14654,IRS4,378 / 716,11.7,99
Q14244,MAP7,109 / 716,2.6,11
P07910,HNRNPC,444 / 716,9.3,59
P49588,AARS,122 / 716,4.5,42
P26599,PTBP1,438 / 716,10.2,110
P62241,RPS8,498 / 716,7.6,46
P55072,VCP,314 / 716,23.6,161
Q92900,UPF1,117 / 716,4,44
P55060,CSE1L,318 / 716,7.9,59
Q9NSD9,FARSB,139 / 716,4.8,18
P0DP25,CALM3,327 / 716,6.3,245
P0DP24,CALM2,327 / 716,6.3,245
P0DP23,CALM1,327 / 716,6.3,245
Q86XL3,ANKLE2,43 / 716,1.4,6
P57088,TMEM33,144 / 716,1.7,6
Q00535,CDK5,164 / 716,1.3,4
P60842,EIF4A1,479 / 716,12.6,89
Q5VYK3,ECM29,78 / 716,2,10
Q9NR46,SH3GLB2,27 / 716,7.4,28
P83731,RPL24,447 / 716,4.6,22
P46776,RPL27A,430 / 716,3.5,19
P13797,PLS3,208 / 716,7.4,37
P39019,RPS19,334 / 716,8.3,61
O75369,FLNB,417 / 716,28.1,759
P51617,IRAK1,83 / 716,4.5,13
P08240,SRPRA,115 / 716,2.2,10
Q96KC8,DNAJC1,1 / 716,1,1
P17987,TCP1,432 / 716,18.2,147
Q9HCE1,MOV10,87 / 716,5,28
Q8WUM4,PDCD6IP,227 / 716,5.5,50
P36543,ATP6V1E1,43 / 716,1.4,3
O15160,POLR1C,84 / 716,1.9,7
P40938,RFC3,120 / 716,1.4,5
Q9UBM7,DHCR7,60 / 716,1.4,6
Q6UWE0,LRSAM1,2 / 716,1,1
P49207,RPL34,247 / 716,3,12
Q9BPX3,NCAPG,186 / 716,3,19
Q99459,CDC5L,209 / 716,12.1,68
P04843,RPN1,246 / 716,4.3,37
Q16181,SEPT7,175 / 716,3.3,17
Q9UG63,ABCF2,137 / 716,3.4,21
P62834,RAP1A,115 / 716,2.2,10
P61224,RAP1B,117 / 716,2.4,10
P12004,PCNA,268 / 716,6.2,70
O94905,ERLIN2,113 / 716,2.1,23
P35580,MYH10,379 / 716,30,750
P52272,HNRNPM,520 / 716,17.6,154
P62753,RPS6,466 / 716,6.6,55
Q86U42,PABPN1,206 / 716,2.6,11
Q9Y490,TLN1,217 / 716,24.6,231
P35579,MYH9,448 / 716,51.8,667
O75396,SEC22B,85 / 716,2.1,8
P49591,SARS,56 / 716,2.1,8
Q92615,LARP4B,86 / 716,1.8,6
P62258,YWHAE,447 / 716,10,81
Q00839,HNRNPU,578 / 716,18.8,246
P30566,ADSL,71 / 716,2,11
Q9H3U1,UNC45A,136 / 716,6.3,47
P47897,QARS,291 / 716,6.1,48
P54727,RAD23B,79 / 716,4,16
Q9UN86,G3BP2,214 / 716,3.2,34
P16615,ATP2A2,302 / 716,4.2,41
P20618,PSMB1,186 / 716,3.7,13
O75534,CSDE1,191 / 716,10.1,39
P59998,ARPC4,111 / 716,2.7,12
P37802,TAGLN2,410 / 716,9.9,63
P51114,FXR1,140 / 716,3.8,42
Q9Y3F4,STRAP,319 / 716,5.6,28
Q9HAV0,GNB4,144 / 716,2.6,13
Q96AG4,LRRC59,175 / 716,3.7,18
P28482,MAPK1,47 / 716,1.7,4
P38919,EIF4A3,418 / 716,6.3,44
Q00341,HDLBP,218 / 716,13.4,105
O43447,PPIH,122 / 716,4.4,20
P28074,PSMB5,201 / 716,5,25
P60660,MYL6,411 / 716,6.8,50
P23258,TUBG1,141 / 716,2.3,11
Q9NRH3,TUBG2,125 / 716,2.1,9
Q13561,DCTN2,219 / 716,4.8,26
P50395,GDI2,166 / 716,5.4,33
Q16204,CCDC6,40 / 716,1.3,3
P18031,PTPN1,124 / 716,2.4,8
P13010,XRCC5,428 / 716,9.1,70
Q9Y230,RUVBL2,310 / 716,12.9,96
P04350,TUBB4A,668 / 716,30.7,255
Q9UHB9,SRP68,192 / 716,13.6,64
Q99956,DUSP9,1 / 716,2,2
A0FGR8,ESYT2,77 / 716,2.5,13
Q99829,CPNE1,82 / 716,2.7,13
Q9UHD8,SEPT9,200 / 716,5.8,37
P19623,SRM,85 / 716,3.2,14
Q13885,TUBB2A,675 / 716,34.5,290
Q9BVA1,TUBB2B,675 / 716,34.7,292
P19388,POLR2E,143 / 716,2.3,16
P53621,COPA,202 / 716,4.5,58
Q8WWM7,ATXN2L,305 / 716,17.3,103
P23526,AHCY,232 / 716,9.3,56
Q9Y371,SH3GLB1,30 / 716,2.2,7
P54619,PRKAG1,43 / 716,1.5,4
P63092,GNAS,207 / 716,2.9,26
Q5JWF2,GNAS,207 / 716,2.9,26
O43684,BUB3,298 / 716,3.8,14
Q15149,PLEC,233 / 716,22,526
Q03252,LMNB2,156 / 716,5,54
P14868,DARS,271 / 716,6.6,35
Q9UNE7,STUB1,125 / 716,2.8,13
Q9Y265,RUVBL1,378 / 716,18.3,97
P07305,H1F0,111 / 716,3.9,91
Q05682,CALD1,158 / 716,16.7,165
Q9NPF4,OSGEP,20 / 716,1.4,4
P25398,RPS12,382 / 716,7,51
Q9NTK5,OLA1,120 / 716,2.7,17
Q8NC51,SERBP1,468 / 716,15.6,104
P61026,RAB10,176 / 716,3,16
Q9H0U4,RAB1B,192 / 716,4.2,23
Q16629,SRSF7,351 / 716,4.7,34
P16949,STMN1,276 / 716,4.3,25
Q08211,DHX9,470 / 716,21.4,163
Q96GD0,PDXP,24 / 716,1,1
Q9UBQ0,VPS29,31 / 716,1.9,6
Q96CS3,FAF2,70 / 716,2.6,11
P23588,EIF4B,344 / 716,22.3,169
O00264,PGRMC1,128 / 716,2.9,19
Q9UMS4,PRPF19,262 / 716,8.1,48
P84085,ARF5,232 / 716,4.4,20
P22102,GART,336 / 716,9.7,51
Q9NZB2,FAM120A,159 / 716,2.6,79
Q9HAV4,XPO5,129 / 716,2.7,26
P55010,EIF5,172 / 716,12.9,64
P62263,RPS14,514 / 716,5.4,30
Q13310,PABPC4,376 / 716,7.8,71
P00558,PGK1,200 / 716,9,64
O76003,GLRX3,111 / 716,2.1,8
P13473,LAMP2,25 / 716,1.4,3
P29692,EEF1D,353 / 716,6.4,42
P15311,EZR,264 / 716,6.3,115
P62318,SNRPD3,377 / 716,5.1,170
Q15750,TAB1,64 / 716,4.9,54
P50502,ST13,153 / 716,4.5,21
Q15417,CNN3,213 / 716,4.7,21
P35249,RFC4,162 / 716,2.3,12
P30153,PPP2R1A,316 / 716,5,35
P61758,VBP1,166 / 716,2.3,8
O43592,XPOT,101 / 716,2.6,9
Q07666,KHDRBS1,348 / 716,4.2,53
Q9Y2L1,DIS3,114 / 716,2.1,10
Q99613,EIF3C,274 / 716,5.6,28
Q92499,DDX1,331 / 716,5.2,34
P46379,BAG6,76 / 716,2.9,10
Q8IWZ3,ANKHD1,130 / 716,10.4,29
A5YKK6,CNOT1,130 / 716,3.6,37
Q92598,HSPH1,347 / 716,6.8,32
O75131,CPNE3,91 / 716,3.5,21
P52209,PGD,122 / 716,5.4,21
P53618,COPB1,278 / 716,4.9,38
P17980,PSMC3,225 / 716,5.2,30
P48729,CSNK1A1,70 / 716,2.5,12
Q14444,CAPRIN1,282 / 716,4.9,56
Q5T4S7,UBR4,106 / 716,7.4,76
Q9BUF5,TUBB6,617 / 716,15.3,94
P61981,YWHAG,332 / 716,4.7,54
Q13263,TRIM28,466 / 716,16.1,94
P62750,RPL23A,418 / 716,6.4,41
P33992,MCM5,208 / 716,5.6,39
Q07020,RPL18,399 / 716,5.6,59
P46782,RPS5,321 / 716,5.5,25
Q14C86,GAPVD1,125 / 716,9.3,33
Q15021,NCAPD2,112 / 716,2.7,17
Q12905,ILF2,313 / 716,9.3,70
P53041,PPP5C,39 / 716,1.4,3
O75190,DNAJB6,56 / 716,1.4,5
Q9NR31,SAR1A,63 / 716,2.1,7
P34932,HSPA4,304 / 716,11.1,60
P63104,YWHAZ,410 / 716,7.2,47
Q8IY67,RAVER1,129 / 716,2,22
O95347,SMC2,194 / 716,5,32
P40222,TXLNA,53 / 716,1.8,8
O00231,PSMD11,204 / 716,6,35
P41091,EIF2S3,270 / 716,4,17
Q7Z2W4,ZC3HAV1,210 / 716,7,50
P62491,RAB11A,125 / 716,5.5,40
Q15907,RAB11B,125 / 716,5.7,52
Q13555,CAMK2G,34 / 716,1.4,5
P60900,PSMA6,193 / 716,4.4,14
Q13347,EIF3I,280 / 716,5.9,37
P18621,RPL17,424 / 716,5.3,35
P04792,HSPB1,128 / 716,4.8,25
P26640,VARS,265 / 716,6.6,51
P40925,MDH1,100 / 716,3.6,13
Q9Y5X3,SNX5,34 / 716,1.1,2
P15170,GSPT1,180 / 716,2.8,16
P48444,ARCN1,263 / 716,3.7,18
Q7Z6Z7,HUWE1,204 / 716,7,98
P68036,UBE2L3,95 / 716,2.3,7
P55036,PSMD4,220 / 716,3.5,22
Q9Y295,DRG1,172 / 716,3.4,18
Q13642,FHL1,177 / 716,2.2,13
Q00325,SLC25A3,362 / 716,4.4,40
Q8N1G4,LRRC47,82 / 716,1.6,11
P41240,CSK,53 / 716,2.1,7
Q15717,ELAVL1,322 / 716,4.9,26
Q15393,SF3B3,322 / 716,13,210
P55884,EIF3B,282 / 716,5,41
Q99536,VAT1,64 / 716,2,10
P61956,SUMO2,254 / 716,2.3,19
P47755,CAPZA2,232 / 716,3.1,34
P52907,CAPZA1,318 / 716,4.6,36
Q52LJ0,FAM98B,113 / 716,2.3,10
P51570,GALK1,51 / 716,1.8,7
P08708,RPS17,342 / 716,5.4,52
P08865,RPSA,335 / 716,7.3,66
P31946,YWHAB,368 / 716,5.8,39
P27348,YWHAQ,410 / 716,5,95
P62316,SNRPD2,340 / 716,4.5,38
Q07812,BAX,21 / 716,1.2,3
Q6P1N0,CC2D1A,49 / 716,1.6,4
P12956,XRCC6,388 / 716,11.7,74
Q9NZ01,TECR,192 / 716,2.4,14
Q8WU90,ZC3H15,149 / 716,3.1,17
P13489,RNH1,70 / 716,9.8,297
Q13283,G3BP1,353 / 716,7.9,94
Q8TC12,RDH11,28 / 716,1.3,3
O60749,SNX2,141 / 716,2.8,8
Q8ND56,LSM14A,227 / 716,7.3,38
Q9BQG0,MYBBP1A,301 / 716,12.9,104
O14950,MYL12B,295 / 716,5.6,82
P19105,MYL12A,294 / 716,5.6,81
Q5SNT2,TMEM201,3 / 716,2,3
P61619,SEC61A1,129 / 716,2.3,11
P26196,DDX6,303 / 716,5.9,54
P50914,RPL14,333 / 716,4.1,34
Q96PK6,RBM14,293 / 716,9.7,79
O14976,GAK,84 / 716,2.1,11
Q9Y6M1,IGF2BP2,257 / 716,3.4,49
P35268,RPL22,429 / 716,3.6,31
Q96QK1,VPS35,75 / 716,2.8,26
Q13409,DYNC1I2,163 / 716,2.5,9
Q13620,CUL4B,210 / 716,5,39
Q6P2E9,EDC4,163 / 716,6.2,32
Q16543,CDC37,205 / 716,3.4,23
P14866,HNRNPL,460 / 716,12.4,212
Q14258,TRIM25,136 / 716,2.9,10
Q15006,EMC2,8 / 716,1,1
O00303,EIF3F,272 / 716,4.3,26
O60841,EIF5B,200 / 716,6.2,22
P33993,MCM7,328 / 716,8.3,58
O95373,IPO7,191 / 716,5.3,19
O94832,MYO1D,57 / 716,22.8,160
P47813,EIF1AX,157 / 716,5.7,34
O14602,EIF1AY,157 / 716,5.7,34
Q7Z7A3,CTU1,1 / 716,1,1
O15027,SEC16A,179 / 716,8.2,58
Q86UK7,ZNF598,92 / 716,2,19
Q13155,AIMP2,172 / 716,2.2,13
O95793,STAU1,228 / 716,5.9,21
P48739,PITPNB,61 / 716,4,18
P61158,ACTR3,137 / 716,4.6,35
P49721,PSMB2,159 / 716,3.2,14
O95757,HSPA4L,181 / 716,3.9,23
Q71UM5,RPS27L,372 / 716,2.3,15
Q9BSJ8,ESYT1,173 / 716,7.8,56
O60925,PFDN1,56 / 716,1.8,9
P61106,RAB14,151 / 716,1.9,8
P51665,PSMD7,144 / 716,4.3,19
Q99460,PSMD1,217 / 716,6.7,34
P43243,MATR3,441 / 716,10.4,96
Q7KZF4,SND1,265 / 716,8.4,58
Q04323,UBXN1,63 / 716,1.3,4
P55209,NAP1L1,374 / 716,6.3,25
Q99733,NAP1L4,277 / 716,3.6,31
P35606,COPB2,164 / 716,3.6,22
Q12788,TBL3,101 / 716,3.4,26
Q8TEW0,PARD3,46 / 716,1.9,12
Q13148,TARDBP,324 / 716,3.4,64
P10809,HSPD1,520 / 716,22.2,217
Q9Y5M8,SRPRB,90 / 716,2.2,9
P42771,CDKN2A,81 / 716,1.6,6
P05114,HMGN1,145 / 716,3.3,19
O75531,BANF1,128 / 716,3.6,14
P60866,RPS20,383 / 716,4.9,22
Q15019,SEPT2,218 / 716,3.5,14
O60762,DPM1,107 / 716,1.7,8
Q9Y314,NOSIP,69 / 716,1.4,10
Q9UBU9,NXF1,111 / 716,2.1,14
O60343,TBC1D4,113 / 716,4.6,76
P29401,TKT,168 / 716,7.5,66
P62841,RPS15,239 / 716,5.4,26
P62495,ETF1,167 / 716,3.1,11
P04844,RPN2,179 / 716,3.5,29
P07737,PFN1,308 / 716,6.6,46
P51571,SSR4,254 / 716,2.9,16
Q15654,TRIP6,85 / 716,1.3,5
Q9UHV9,PFDN2,143 / 716,2.2,8
Q9BY77,POLDIP3,247 / 716,4.5,30
Q15056,EIF4H,205 / 716,2.8,15
O00151,PDLIM1,136 / 716,6.6,25
O43237,DYNC1LI2,109 / 716,2.2,10
Q53GQ0,HSD17B12,97 / 716,2.6,9
P62273,RPS29,223 / 716,2.6,8
Q8N1F7,NUP93,211 / 716,3.6,18
O95817,BAG3,69 / 716,2.9,16
Q9Y450,HBS1L,94 / 716,3.1,16
Q8WWK9,CKAP2,120 / 716,1.8,7
Q8TEQ6,GEMIN5,145 / 716,25.9,159
Q71RC2,LARP4,131 / 716,1.8,11
Q9NP97,DYNLRB1,136 / 716,2.3,7
P49674,CSNK1E,49 / 716,1.2,3
P62191,PSMC1,195 / 716,5.9,44
P63208,SKP1,311 / 716,2.8,63
Q96GD4,AURKB,73 / 716,2.8,18
Q9Y4P3,TBL2,47 / 716,1.6,7
O00170,AIP,39 / 716,1.6,4
E9PAV3,NACA,302 / 716,3.2,14
O95433,AHSA1,230 / 716,2.7,8
O43809,NUDT21,295 / 716,6.1,42
P53582,METAP1,11 / 716,1,1
P05455,SSB,296 / 716,4.7,24
Q9NRG9,AAAS,65 / 716,1.5,5
P09429,HMGB1,252 / 716,4.5,21
Q13200,PSMD2,271 / 716,7.6,52
Q8N766,EMC1,25 / 716,1.8,9
Q9Y3U8,RPL36,221 / 716,2.8,12
Q12904,AIMP1,163 / 716,4.1,16
Q9Y262,EIF3L,204 / 716,5.3,24
P42677,RPS27,411 / 716,3.2,26
P40937,RFC5,92 / 716,1.9,6
Q9BWH6,RPAP1,29 / 716,1.1,2
Q96DH6,MSI2,44 / 716,2.1,7
P50570,DNM2,113 / 716,2.4,12
Q10567,AP1B1,147 / 716,3.1,22
P11802,CDK4,163 / 716,1.6,27
P05204,HMGN2,193 / 716,2.8,17
P67809,YBX1,448 / 716,8.6,100
Q15785,TOMM34,32 / 716,1.7,6
O15145,ARPC3,78 / 716,2.7,10
P51610,HCFC1,278 / 716,23,150
Q8TEX9,IPO4,77 / 716,2.4,21
P60174,TPI1,177 / 716,7.5,54
P24534,EEF1B2,379 / 716,4.6,30
Q15008,PSMD6,187 / 716,3.8,16
Q14974,KPNB1,418 / 716,12,76
Q14318,FKBP8,82 / 716,2,6
Q04837,SSBP1,169 / 716,3.4,18
Q9P0L0,VAPA,116 / 716,2.2,9
Q13557,CAMK2D,52 / 716,1.7,13
O75083,WDR1,89 / 716,6.1,49
Q9BVP2,GNL3,256 / 716,4.8,62
P07195,LDHB,340 / 716,8.9,87
Q9UHD1,CHORDC1,110 / 716,1.8,11
P48556,PSMD8,134 / 716,2.3,8
O15269,SPTLC1,31 / 716,1.3,3
P30050,RPL12,397 / 716,5.8,28
Q4VCS5,AMOT,44 / 716,3.3,27
O43324,EEF1E1,214 / 716,2.8,16
Q9UBC2,EPS15L1,116 / 716,19.3,53
P52292,KPNA2,367 / 716,6,38
P43686,PSMC4,210 / 716,5.4,28
O75533,SF3B1,361 / 716,26.9,216
Q96CT7,CCDC124,192 / 716,5.8,33
O76094,SRP72,168 / 716,4,19
Q15942,ZYX,181 / 716,4.4,39
P0DI83,RAB34,37 / 716,1.4,4
Q9ULV4,CORO1C,281 / 716,6.4,66
O60869,EDF1,191 / 716,4.8,24
Q13526,PIN1,57 / 716,1.8,5
O14818,PSMA7,194 / 716,4.9,22
P0DOY3,IGLC3,33 / 716,3.8,27
P0DOY2,IGLC2,33 / 716,3.8,27
P16989,YBX3,363 / 716,6.1,68
P11172,UMPS,18 / 716,1.7,4
P08133,ANXA6,77 / 716,7.1,35
Q96D46,NMD3,10 / 716,1.2,2
Q01130,SRSF2,293 / 716,4.2,23
Q07065,CKAP4,168 / 716,4.7,25
P62333,PSMC6,179 / 716,4.2,27
Q9HD20,ATP13A1,27 / 716,1.6,5
Q16658,FSCN1,100 / 716,4.6,32
P27824,CANX,310 / 716,7.9,76
P52597,HNRNPF,528 / 716,9.2,56
Q9Y3C6,PPIL1,94 / 716,2.2,11
Q12906,ILF3,379 / 716,10.1,99
Q15691,MAPRE1,118 / 716,2.9,37
O43347,MSI1,21 / 716,1.4,4
P20290,BTF3,117 / 716,2,8
Q96I24,FUBP3,212 / 716,3,19
Q13813,SPTAN1,324 / 716,27.7,374
O43156,TTI1,10 / 716,1.2,2
Q6ZNB6,NFXL1,9 / 716,1.2,2
Q9BTT0,ANP32E,112 / 716,2.2,9
Q14739,LBR,241 / 716,7,47
Q96N67,DOCK7,103 / 716,2.6,21
Q99471,PFDN5,83 / 716,2,9
P41227,NAA10,80 / 716,1.7,5
P09211,GSTP1,164 / 716,6.4,90
P49411,TUFM,408 / 716,11.7,76
P15924,DSP,328 / 716,14,201
Q08AM6,VAC14,3 / 716,2,4
Q96H79,ZC3HAV1L,21 / 716,7,14
O43776,NARS,64 / 716,2.7,10
Q9BSD7,NTPCR,101 / 716,1.7,7
O95163,IKBKAP,67 / 716,2,15
Q99417,MYCBP,141 / 716,3.1,20
Q07021,C1QBP,420 / 716,10.5,408
P62314,SNRPD1,356 / 716,5.7,66
Q9UBX3,SLC25A10,85 / 716,2.2,16
P58107,EPPK1,301 / 716,7.1,203
O43264,ZW10,108 / 716,1.5,5
P39748,FEN1,232 / 716,3.9,44
Q15555,MAPRE2,101 / 716,4.2,14
Q86TB9,PATL1,25 / 716,1.1,2
P25705,ATP5A1,496 / 716,15.9,119
Q9UBI1,COMMD3,3 / 716,1,1
Q15181,PPA1,200 / 716,4.9,26
Q9Y2T2,AP3M1,70 / 716,1.7,7
Q6Y7W6,GIGYF2,156 / 716,26.2,91
Q9UBS4,DNAJB11,117 / 716,2.5,12
P50454,SERPINH1,281 / 716,5,48
Q8N4V1,MMGT1,3 / 716,1,1
P33240,CSTF2,188 / 716,4,26
Q13190,STX5,11 / 716,1.5,4
O15371,EIF3D,249 / 716,3.1,21
Q9UNF1,MAGED2,133 / 716,2.3,18
O75367,H2AFY,148 / 716,6.5,69
Q9BXJ9,NAA15,68 / 716,2.8,14
P55039,DRG2,30 / 716,1.3,3
O94979,SEC31A,79 / 716,3.1,13
P25789,PSMA4,188 / 716,4.2,28
Q9NP79,VTA1,32 / 716,1.7,4
Q96HS1,PGAM5,223 / 716,3.7,31
Q2VPK5,CTU2, / 716,0,
Q8TCJ2,STT3B,12 / 716,1.3,3
Q16531,DDB1,212 / 716,6.9,53
P53680,AP2S1,10 / 716,1,1
Q9Y3A5,SBDS,33 / 716,1.5,5
O95372,LYPLA2,128 / 716,4.2,16
Q6PKG0,LARP1,251 / 716,17.7,110
Q9BRA2,TXNDC17,50 / 716,2.4,8
Q9NRN7,AASDHPPT,51 / 716,1.4,6
P30085,CMPK1,18 / 716,2.3,9
P24666,ACP1,95 / 716,2.1,12
P62136,PPP1CA,325 / 716,6.1,39
Q7L014,DDX46,302 / 716,31.9,219
P51572,BCAP31,104 / 716,2,9
Q9H9A6,LRRC40,88 / 716,2.4,13
P61006,RAB8A,164 / 716,2.6,12
Q14203,DCTN1,232 / 716,7.8,36
Q14683,SMC1A,248 / 716,5.7,50
O00410,IPO5,267 / 716,4.1,33
Q3ZCM7,TUBB8,620 / 716,15.6,153
Q9Y5Q8,GTF3C5,136 / 716,4.2,19
Q9H3K6,BOLA2B,250 / 716,3.8,18
Q9UKN8,GTF3C4,150 / 716,4.7,40
Q9UNM6,PSMD13,160 / 716,3.8,16
P33991,MCM4,293 / 716,8.3,42
P07355,ANXA2,398 / 716,9.2,82
O94966,USP19,18 / 716,1,1
O00443,PIK3C2A,8 / 716,1.3,2
O15260,SURF4,158 / 716,2.6,10
O00267,SUPT5H,158 / 716,3.3,51
Q9Y4X5,ARIH1,5 / 716,1.2,2
P11908,PRPS2,191 / 716,7.5,47
Q9Y617,PSAT1,72 / 716,5.6,21
P30041,PRDX6,388 / 716,6.8,63
Q9BT78,COPS4,102 / 716,2.5,12
Q9Y6G9,DYNC1LI1,105 / 716,2.6,12
Q99873,PRMT1,262 / 716,5,30
P00492,HPRT1,187 / 716,4.3,17
P49643,PRIM2,112 / 716,3.9,23
P49736,MCM2,173 / 716,7.5,69
P10599,TXN,432 / 716,3.5,15
P63151,PPP2R2A,304 / 716,4.9,39
Q15813,TBCE,100 / 716,2,10
Q9NVA2,SEPT11,158 / 716,3.4,19
Q01813,PFKP,201 / 716,4.7,26
Q9NPA0,EMC7,1 / 716,1,1
Q15843,NEDD8,93 / 716,1.6,5
P58546,MTPN,124 / 716,2,7
Q5SW79,CEP170,145 / 716,20.2,78
O75821,EIF3G,289 / 716,4.9,41
Q9Y5V3,MAGED1,90 / 716,2,19
Q9H4A3,WNK1,109 / 716,3.1,9
O60573,EIF4E2,54 / 716,5.9,19
O14579,COPE,93 / 716,3.4,14
O95573,ACSL3,153 / 716,1.8,16
P17858,PFKL,178 / 716,3.1,30
P31943,HNRNPH1,558 / 716,13.5,224
Q8NCA5,FAM98A,112 / 716,2.5,17
Q96F86,EDC3,52 / 716,1.2,5
P35244,RPA3,116 / 716,2.4,11
Q9GZS3,WDR61,112 / 716,2.7,18
Q9C005,DPY30,169 / 716,2.8,11
Q13838,DDX39B,400 / 716,8.4,58
P15927,RPA2,135 / 716,2.6,31
Q99497,PARK7,236 / 716,4.2,20
O43432,EIF4G3,181 / 716,14,64
P37108,SRP14,338 / 716,3.6,24
Q8NE71,ABCF1,288 / 716,4.2,21
P60891,PRPS1,225 / 716,7,54
Q01082,SPTBN1,250 / 716,31.3,390
Q9UJX3,ANAPC7,40 / 716,1.3,3
Q9UBF2,COPG2,224 / 716,29,158
P17066,HSPA6,687 / 716,14.9,158
B9A064,IGLL5,20 / 716,3.6,16
Q9H0U3,MAGT1,13 / 716,1.2,2
P30876,POLR2B,130 / 716,4,69
P30419,NMT1,113 / 716,2.7,8
O75643,SNRNP200,333 / 716,18.3,126
Q9NR30,DDX21,438 / 716,15.9,82
Q96A72,MAGOHB,83 / 716,3.6,19
P61326,MAGOH,78 / 716,3.7,18
Q8N684,CPSF7,154 / 716,3,25
Q14527,HLTF,45 / 716,2.3,12
Q9P289,STK26,41 / 716,1.5,7
O43707,ACTN4,335 / 716,28.4,1023
Q15029,EFTUD2,381 / 716,10.3,94
Q9Y520,PRRC2C,223 / 716,13.7,63
Q3YEC7,RABL6,88 / 716,2.5,7
P49458,SRP9,208 / 716,1.7,11
P35659,DEK,193 / 716,4.1,26
Q9UM54,MYO6,148 / 716,17.2,215
Q15084,PDIA6,357 / 716,7.3,52
Q9Y237,PIN4,144 / 716,9,41
Q96P16,RPRD1A,57 / 716,1.8,6
P02533,KRT14,523 / 716,16.9,277
Q9BSC4,NOL10,72 / 716,2.1,10
P20700,LMNB1,284 / 716,10,118
P63010,AP2B1,183 / 716,4.4,46
Q9UKM9,RALY,116 / 716,3.6,20
Q9NY12,GAR1,89 / 716,6.2,60
P26368,U2AF2,231 / 716,4.5,27
Q9UN37,VPS4A,14 / 716,1.2,3
P31939,ATIC,88 / 716,5.2,30
P0DN79,CBSL,120 / 716,2.5,9
P35520,CBS,120 / 716,2.5,9
Q9UBB4,ATXN10,71 / 716,1.8,5
O14737,PDCD5,221 / 716,3.8,20
P62888,RPL30,255 / 716,4.6,25
P30044,PRDX5,93 / 716,3,13
Q96EP5,DAZAP1,159 / 716,4.1,19
Q86V81,ALYREF,390 / 716,11.7,109
Q58FF6,HSP90AB4P,429 / 716,5.2,34
Q14978,NOLC1,297 / 716,7.3,56
Q9UQE7,SMC3,194 / 716,6.6,52
O00422,SAP18,167 / 716,4,26
Q9Y5B9,SUPT16H,175 / 716,8.7,118
P08621,SNRNP70,266 / 716,6.8,48
Q9BZZ5,API5,150 / 716,3.5,34
Q9P258,RCC2,336 / 716,6.2,34
Q9Y3B4,SF3B6,206 / 716,3.2,19
Q96JH7,VCPIP1,106 / 716,10.3,33
O75475,PSIP1,219 / 716,5.8,44
P38159,RBMX,377 / 716,7.5,71
Q86UP2,KTN1,132 / 716,6.1,26
P31942,HNRNPH3,239 / 716,8,77
Q9UQ35,SRRM2,324 / 716,19.7,303
Q13428,TCOF1,332 / 716,28.4,282
P35637,FUS,428 / 716,19,133
P21796,VDAC1,213 / 716,2.8,27
Q9BTX1,NDC1,18 / 716,1,1
Q8N5D0,WDTC1, / 716,0,
Q09666,AHNAK,212 / 716,206,3211
Q9NVP1,DDX18,203 / 716,5,30
O95470,SGPL1,15 / 716,1.2,2
P62995,TRA2B,163 / 716,4.2,26
P26358,DNMT1,185 / 716,4.6,28
Q13185,CBX3,309 / 716,4.4,32
O00629,KPNA4,127 / 716,2.4,27
Q9UKF6,CPSF3,173 / 716,5.8,22
Q15424,SAFB,206 / 716,6.6,55
Q8IUE6,HIST2H2AB,471 / 716,5.1,47
Q9NR56,MBNL1,8 / 716,1.8,6
O75940,SMNDC1,115 / 716,2.2,7
Q96MU7,YTHDC1,42 / 716,7.4,36
Q14839,CHD4,256 / 716,44.4,407
P50750,CDK9,224 / 716,2.7,23
Q9NQ55,PPAN,93 / 716,2,9
P12270,TPR,256 / 716,61.6,471
Q6UXN9,WDR82,130 / 716,12.1,85
Q96T37,RBM15,127 / 716,4.2,39
Q9BZF1,OSBPL8,90 / 716,3.1,12
Q14151,SAFB2,185 / 716,6.8,55
O60216,RAD21,133 / 716,3,19
Q99661,KIF2C,47 / 716,2.8,20
O00148,DDX39A,404 / 716,7.6,43
Q7KZ85,SUPT6H,85 / 716,6.1,87
Q1KMD3,HNRNPUL2,135 / 716,4.2,96
O14776,TCERG1,183 / 716,8.3,51
Q13123,IK,134 / 716,6.7,45
Q8WTT2,NOC3L,122 / 716,3.4,13
Q8N1G2,CMTR1,36 / 716,1.4,4
Q9H0D6,XRN2,276 / 716,3.6,20
Q13247,SRSF6,326 / 716,3.9,53
P11388,TOP2A,179 / 716,23.5,213
Q14690,PDCD11,116 / 716,4.5,60
Q9H583,HEATR1,111 / 716,9,80
Q13435,SF3B2,317 / 716,17.5,140
Q9H6R4,NOL6,147 / 716,3.6,23
Q08945,SSRP1,175 / 716,6.2,49
Q9UIG0,BAZ1B,146 / 716,45.8,265
Q6DKI1,RPL7L1,54 / 716,1.8,14
Q13573,SNW1,191 / 716,7.9,51
Q9NY93,DDX56,115 / 716,1.8,8
Q9UJV9,DDX41,171 / 716,10.4,43
Q9NRX1,PNO1,76 / 716,1.7,6
P51532,SMARCA4,183 / 716,8.6,84
O00567,NOP56,208 / 716,5.8,50
O75400,PRPF40A,195 / 716,5.4,35
P35658,NUP214,211 / 716,19.5,90
Q9NYF8,BCLAF1,390 / 716,19.1,119
Q9Y2R4,DDX52,101 / 716,2.1,8
Q14980,NUMA1,268 / 716,43.9,476
Q9Y3Y2,CHTOP,135 / 716,2.4,11
Q9NXF1,TEX10,115 / 716,3.7,29
Q9BZE4,GTPBP4,186 / 716,4.1,21
O43491,EPB41L2,191 / 716,17.9,63
P61970,NUTF2,24 / 716,1.3,2
O60264,SMARCA5,210 / 716,25.9,161
Q8IZL8,PELP1,87 / 716,2.7,24
P55795,HNRNPH2,540 / 716,6.8,86
Q15459,SF3A1,313 / 716,11.5,74
Q9BQ39,DDX50,344 / 716,4.3,24
O60287,URB1,69 / 716,5.2,34
Q6NUQ4,TMEM214,6 / 716,1.5,3
Q8WXI9,GATAD2B,178 / 716,6.9,58
Q8IY81,FTSJ3,184 / 716,10.9,84
Q9NQZ2,UTP3,72 / 716,4.3,30
Q14669,TRIP12,116 / 716,4.7,37
Q92621,NUP205,158 / 716,3.1,24
P98175,RBM10,327 / 716,20.8,233
Q8NI36,WDR36,132 / 716,8.9,46
O75151,PHF2,46 / 716,1.5,5
Q9BXP5,SRRT,171 / 716,5.1,48
O95602,POLR1A,22 / 716,7.5,27
Q9HCD5,NCOA5,44 / 716,3,20
Q9UK61,FAM208A,116 / 716,13.7,83
Q96AE4,FUBP1,240 / 716,4.6,38
P38432,COIL,143 / 716,4.4,34
O60341,KDM1A,83 / 716,4.3,27
Q9Y2W1,THRAP3,382 / 716,21.9,168
O75694,NUP155,175 / 716,3.5,29
O15020,SPTBN2,98 / 716,5.7,41
Q9Y2W2,WBP11,131 / 716,5.5,42
Q5T8P6,RBM26,146 / 716,13.5,71
Q9NVI1,FANCI,115 / 716,2.8,18
Q14684,RRP1B,214 / 716,4.2,27
Q9UKE5,TNIK,55 / 716,4.7,12
Q53GS9,USP39,109 / 716,3.4,11
Q8IX01,SUGP2,136 / 716,18.5,99
P14923,JUP,244 / 716,5.4,44
Q9NRL2,BAZ1A,118 / 716,14.5,74
O15042,U2SURP,262 / 716,15.4,132
Q12996,CSTF3,78 / 716,2.8,31
Q86U86,PBRM1,49 / 716,3,11
Q01844,EWSR1,301 / 716,17.1,362
Q15269,PWP2,50 / 716,3.4,18
O75934,BCAS2,104 / 716,4.2,26
Q96J01,THOC3,162 / 716,1.8,7
Q01085,TIAL1,94 / 716,6.7,19
Q03701,CEBPZ,98 / 716,4,31
Q9Y2P8,RCL1,64 / 716,4.1,16
P07197,NEFM,199 / 716,2.1,31
P46940,IQGAP1,197 / 716,6.5,79
O14787,TNPO2,70 / 716,1.4,5
Q08170,SRSF4,317 / 716,3,28
Q8TDN6,BRIX1,178 / 716,3.3,22
P57740,NUP107,135 / 716,2.4,16
Q8WUM0,NUP133,145 / 716,5,25
Q02880,TOP2B,146 / 716,13.5,104
Q6P1J9,CDC73,162 / 716,5.3,39
Q29RF7,PDS5A,136 / 716,3.2,27
Q8TEM1,NUP210,82 / 716,7.6,53
P18583,SON,219 / 716,17.4,162
Q96E39,RBMXL1,356 / 716,5.3,55
P02545,LMNA,240 / 716,9,116
P04908,HIST1H2AB,550 / 716,10.1,209
Q9Y3T9,NOC2L,86 / 716,2.7,17
Q8WXF1,PSPC1,217 / 716,5.3,68
O75691,UTP20,43 / 716,4.9,35
P84103,SRSF3,392 / 716,5.3,42
Q14160,SCRIB,109 / 716,11.2,60
P24928,POLR2A,175 / 716,4.5,84
P46013,MKI67,246 / 716,75.6,612
P49959,MRE11,191 / 716,24.3,84
Q96GQ7,DDX27,107 / 716,3.7,28
Q8TDD1,DDX54,148 / 716,3.1,15
Q8WYA6,CTNNBL1,61 / 716,3.1,17
Q69YN4,KIAA1429,69 / 716,3.2,16
Q7Z6E9,RBBP6,147 / 716,15.4,115
Q96CW1,AP2M1,48 / 716,1.7,6
P46087,NOP2,276 / 716,6.1,53
Q9H8H0,NOL11,98 / 716,5.1,33
Q92797,SYMPK,111 / 716,3.4,38
Q07157,TJP1,134 / 716,19,88
Q9NTI5,PDS5B,65 / 716,2.9,24
Q05519,SRSF11,243 / 716,6.3,40
Q92878,RAD50,146 / 716,9.4,100
Q7Z4V5,HDGFL2,185 / 716,5.6,33
Q16576,RBBP7,370 / 716,6.8,42
Q09028,RBBP4,393 / 716,5.5,28
P26038,MSN,230 / 716,4.4,51
Q13242,SRSF9,151 / 716,3.8,25
Q99986,VRK1,62 / 716,1.4,7
Q6PK04,CCDC137,45 / 716,1.6,7
Q8WWQ0,PHIP,56 / 716,8.2,37
O43660,PLRG1,108 / 716,5.1,30
Q5BKZ1,ZNF326,193 / 716,3.2,14
Q12830,BPTF,114 / 716,11.8,69
Q8IYB3,SRRM1,240 / 716,6.4,42
Q10570,CPSF1,139 / 716,9.3,52
P09012,SNRPA,194 / 716,3.9,42
P28370,SMARCA1,163 / 716,10.1,62
Q01780,EXOSC10,210 / 716,9,87
Q9H6F5,CCDC86,43 / 716,2,10
Q14676,MDC1,148 / 716,32.1,123
Q15397,PUM3,26 / 716,4.3,16
O60832,DKC1,186 / 716,3.7,21
Q9P0M6,H2AFY2,78 / 716,4.4,32
Q07955,SRSF1,280 / 716,8.7,60
Q9BU76,MMTAG2,230 / 716,5.5,46
Q13823,GNL2,138 / 716,16.3,98
Q14498,RBM39,366 / 716,11.1,127
P49792,RANBP2,268 / 716,47.7,389
Q9UDY2,TJP2,106 / 716,5,27
O00541,PES1,178 / 716,9.5,74
Q9UNQ2,DIMT1,51 / 716,2.3,9
Q9H9B1,EHMT1,82 / 716,3.1,26
P55265,ADAR,235 / 716,8.8,61
Q9H8H2,DDX31,40 / 716,2.8,16
Q9BUQ8,DDX23,144 / 716,6.7,179
O43818,RRP9,26 / 716,1.8,9
P82979,SARNP,213 / 716,3.1,13
P52701,MSH6,222 / 716,4.9,31
Q9H307,PNN,166 / 716,16.1,107
Q13206,DDX10,118 / 716,18.9,103
Q9UKD2,MRTO4,128 / 716,2.7,13
O00505,KPNA3,143 / 716,2.8,15
Q9P2E9,RRBP1,172 / 716,7,146
P18754,RCC1,143 / 716,3.1,21
Q96I25,RBM17,206 / 716,5.8,39
Q99848,EBNA1BP2,137 / 716,4.7,33
P07196,NEFL,187 / 716,2.5,53
Q8TED0,UTP15,12 / 716,2.8,11
Q8NI27,THOC2,222 / 716,9.5,70
Q9UEY8,ADD3,120 / 716,4.4,17
Q2NL82,TSR1,148 / 716,3.1,30
Q9Y5S9,RBM8A,123 / 716,2.5,13
Q13895,BYSL,146 / 716,3.9,22
Q9BVI4,NOC4L,55 / 716,2.3,11
Q05048,CSTF1,46 / 716,2,12
Q96T88,UHRF1,89 / 716,2.1,14
Q9NXE4,SMPD4,36 / 716,1.2,3
Q9BW71,HIRIP3,5 / 716,1,1
O00139,KIF2A,105 / 716,1.8,9
Q9UKV3,ACIN1,206 / 716,25.7,131
P55081,MFAP1,203 / 716,4.8,33
O95453,PARN,30 / 716,1.8,8
Q9Y4W2,LAS1L,108 / 716,3,13
Q7L2E3,DHX30,188 / 716,6.5,48
Q8IX12,CCAR1,103 / 716,3,12
P51858,HDGF,174 / 716,2.5,21
Q5JTH9,RRP12,176 / 716,4,27
Q7Z3B4,NUP54,33 / 716,1.5,7
O75937,DNAJC8,167 / 716,2.5,11
O15226,NKRF,168 / 716,3,17
P49790,NUP153,200 / 716,21.3,201
Q15061,WDR43,116 / 716,5.2,35
O95782,AP2A1,80 / 716,1.6,14
P12081,HARS,82 / 716,2.3,12
Q9UNX4,WDR3,62 / 716,3.1,19
P55769,SNU13,194 / 716,2.8,18
O43719,HTATSF1,182 / 716,3.7,32
Q9H0A0,NAT10,196 / 716,13.6,128
P49916,LIG3,101 / 716,2.5,24
O15381,NVL,107 / 716,4.5,17
Q9H7B2,RPF2,53 / 716,2.7,13
Q13523,PRPF4B,131 / 716,8.2,63
Q13601,KRR1,76 / 716,1.9,8
Q06787,FMR1,131 / 716,4.2,44
Q9P2K5,MYEF2,27 / 716,2.1,6
O94906,PRPF6,180 / 716,5.3,31
O95777,LSM8,102 / 716,2.4,10
Q92922,SMARCC1,188 / 716,5.4,43
Q8TAQ2,SMARCC2,164 / 716,6.2,36
Q14692,BMS1,141 / 716,5.1,44
Q96SI9,STRBP,186 / 716,2.4,15
Q8IWA0,WDR75,31 / 716,2.4,13
Q9BYG3,NIFK,84 / 716,2.6,13
P56545,CTBP2,71 / 716,1.5,5
Q5SSJ5,HP1BP3,214 / 716,8.1,100
Q8IXT5,RBM12B,12 / 716,3.8,9
O43395,PRPF3,168 / 716,10,71
Q86XP3,DDX42,199 / 716,12.9,80
Q14562,DHX8,133 / 716,4.7,34
O95232,LUC7L3,324 / 716,6,36
O00425,IGF2BP3,288 / 716,5.2,34
Q9UH99,SUN2,35 / 716,27.1,209
P09661,SNRPA1,314 / 716,8.2,64
P52948,NUP98,136 / 716,5.1,37
Q9UHX1,PUF60,307 / 716,18.5,124
Q13363,CTBP1,34 / 716,1.4,4
Q9HCG8,CWC22,47 / 716,2.7,12
O94776,MTA2,206 / 716,6.8,54
Q9UHB6,LIMA1,218 / 716,16.1,117
Q4G0J3,LARP7,92 / 716,2.5,18
Q93009,USP7,201 / 716,7.4,39
O43913,ORC5,27 / 716,1.9,6
Q12874,SF3A3,229 / 716,4.8,32
P42166,TMPO,386 / 716,17.7,89
Q9BV38,WDR18,161 / 716,3,22
Q9ULW0,TPX2,152 / 716,19,108
Q9Y383,LUC7L2,332 / 716,11.6,106
Q13868,EXOSC2,130 / 716,2.8,19
P41223,BUD31,73 / 716,2.4,20
Q92614,MYO18A,25 / 716,20.6,115
O43290,SART1,233 / 716,11.6,97
Q9Y2X3,NOP58,246 / 716,4.6,40
P35221,CTNNA1,114 / 716,3.5,48
Q5VTL8,PRPF38B,159 / 716,4.8,42
Q9H0S4,DDX47,96 / 716,3.1,22
P17480,UBTF,68 / 716,5.6,53
Q13595,TRA2A,116 / 716,3.7,22
Q8N3U4,STAG2,107 / 716,3.5,34
O94813,SLIT2,3 / 716,2.3,5
P35251,RFC1,129 / 716,6.9,54
P56537,EIF6,216 / 716,2.3,11
Q9BVJ6,UTP14A,117 / 716,4.6,34
Q09161,NCBP1,124 / 716,4.2,29
P78549,NTHL1,8 / 716,1.6,4
P78346,RPP30,49 / 716,3,13
Q14566,MCM6,282 / 716,7.6,42
O75152,ZC3H11A,161 / 716,8.8,39
Q9ULX6,AKAP8L,85 / 716,2.1,9
Q9NVX2,NLE1,33 / 716,1.5,3
Q8WX92,NELFB,47 / 716,1.7,7
Q15287,RNPS1,242 / 716,3.9,22
P83916,CBX1,204 / 716,4.1,36
Q86XI2,NCAPG2,13 / 716,1.1,2
Q6PJT7,ZC3H14,145 / 716,7.4,35
Q15291,RBBP5,75 / 716,2,8
Q9BW27,NUP85,81 / 716,1.4,5
Q7L576,CYFIP1,217 / 716,5,64
P42695,NCAPD3,25 / 716,1.4,4
Q6PD62,CTR9,66 / 716,4.1,25
P25440,BRD2,84 / 716,1.9,7
Q9Y5J1,UTP18,64 / 716,2.3,12
Q5QJE6,DNTTIP2,113 / 716,5.9,42
Q9BTC8,MTA3,166 / 716,3.6,33
Q13330,MTA1,192 / 716,11.5,99
Q49A26,GLYR1,144 / 716,4.4,24
O43172,PRPF4,148 / 716,5.7,43
P45973,CBX5,100 / 716,1.9,12
Q92620,DHX38,110 / 716,3.9,30
P36873,PPP1CC,343 / 716,5.7,38
Q14254,FLOT2,44 / 716,4.8,26
Q9Y3B9,RRP15,106 / 716,1.9,7
Q9GZR7,DDX24,138 / 716,3.1,16
Q86W42,THOC6,79 / 716,3.6,23
P04637,TP53,131 / 716,10.8,139
P05023,ATP1A1,335 / 716,7.3,88
P35611,ADD1,140 / 716,5,19
Q13112,CHAF1B,98 / 716,1.6,5
Q8WWY3,PRPF31,251 / 716,7.6,122
O00566,MPHOSPH10,41 / 716,5.3,23
A6NHR9,SMCHD1,155 / 716,6,37
Q15428,SF3A2,176 / 716,4.2,23
Q9C0J8,WDR33,117 / 716,4.3,43
Q2TAY7,SMU1,73 / 716,6.1,36
Q99567,NUP88,156 / 716,3.6,21
Q1ED39,KNOP1,117 / 716,7.1,29
O15347,HMGB3,87 / 716,1.9,6
P53999,SUB1,334 / 716,6.7,52
Q16643,DBN1,204 / 716,16.1,403
Q9BWJ5,SF3B5,141 / 716,2.5,8
O75494,SRSF10,150 / 716,2.8,19
Q9NW13,RBM28,158 / 716,2.7,26
Q96DI7,SNRNP40,150 / 716,4,22
Q01105,SET,384 / 716,5.7,33
P26583,HMGB2,161 / 716,4.9,24
Q92979,EMG1,84 / 716,2.5,10
Q9BVL2,NUP58,15 / 716,1.1,2
Q8WYP5,AHCTF1,135 / 716,41.3,284
Q13243,SRSF5,260 / 716,1.7,15
Q5UIP0,RIF1,170 / 716,20.7,132
Q9NZM5,NOP53,100 / 716,2.1,8
P51608,MECP2,80 / 716,4.1,14
O96019,ACTL6A,135 / 716,4.8,19
Q5RKV6,EXOSC6,179 / 716,2.2,9
P43246,MSH2,202 / 716,4,27
Q16630,CPSF6,299 / 716,5.3,28
Q8NFH5,NUP35,17 / 716,1.6,6
Q8WVV9,HNRNPLL,80 / 716,1.5,8
Q9GZL7,WDR12,45 / 716,3.3,14
Q92522,H1FX,257 / 716,5.2,27
O15144,ARPC2,71 / 716,4.4,37
P48634,PRRC2A,212 / 716,7.7,42
Q15050,RRS1,93 / 716,6.6,35
Q9NYH9,UTP6,11 / 716,3.1,13
Q15637,SF1,256 / 716,7.9,64
Q01081,U2AF1,351 / 716,3.5,16
P0DN76,U2AF1L5,351 / 716,3.5,16
Q92769,HDAC2,315 / 716,5.1,48
Q08J23,NSUN2,254 / 716,3.9,30
Q15046,KARS,216 / 716,6.9,30
Q9BUJ2,HNRNPUL1,254 / 716,14.2,68
P35222,CTNNB1,78 / 716,2.6,26
Q969X6,UTP4,28 / 716,2,13
O75525,KHDRBS3,55 / 716,2.1,15
Q12769,NUP160,83 / 716,2.1,13
P42285,SKIV2L2,215 / 716,6.7,51
Q969G3,SMARCE1,168 / 716,3.3,15
Q6P6C2,ALKBH5,46 / 716,1.3,5
Q9H4L4,SENP3,136 / 716,1.7,6
P06576,ATP5B,427 / 716,14.7,104
O14559,ARHGAP33, / 716,0,
P62308,SNRPG,146 / 716,1.9,7
A8MWD9,SNRPGP15,146 / 716,1.8,7
Q9NP66,HMG20A,27 / 716,2.6,6
O75530,EED,10 / 716,1.4,3
O75955,FLOT1,45 / 716,5.6,34
Q6UN15,FIP1L1,219 / 716,5.4,35
P09234,SNRPC,221 / 716,2.3,8
Q53HL2,CDCA8,44 / 716,3.8,22
Q9P2I0,CPSF2,166 / 716,3.4,23
P78406,RAE1,112 / 716,1.9,8
O43823,AKAP8,111 / 716,2.5,11
P19387,POLR2C,73 / 716,2.2,15
Q7L2H7,EIF3M,162 / 716,2.9,11
Q7Z7K6,CENPV,31 / 716,2.1,9
O60684,KPNA6,155 / 716,2.5,9
Q14011,CIRBP,208 / 716,8.8,49
Q8IWX8,CHERP,217 / 716,7.8,45
Q99496,RNF2,67 / 716,2,7
Q9BQ67,GRWD1,160 / 716,2.3,9
Q9Y221,NIP7,34 / 716,2,8
Q9UFC0,LRWD1,86 / 716,9.2,32
Q9NV31,IMP3,30 / 716,1.4,5
Q8IUF8,RIOX2,3 / 716,1,1
Q96KR1,ZFR,253 / 716,7.6,78
P61964,WDR5,99 / 716,3.1,10
O95983,MBD3,133 / 716,3.8,31
Q9NX58,LYAR,94 / 716,2.1,10
O43251,RBFOX2,43 / 716,1.5,5
Q9H9Y6,POLR1B,23 / 716,4.2,18
Q9UNP9,PPIE,25 / 716,1.6,5
P29372,MPG,37 / 716,2.2,12
Q9NQG5,RPRD1B,108 / 716,3.2,17
P37198,NUP62,118 / 716,1.8,7
Q14241,ELOA,122 / 716,6.3,64
P55196,AFDN,116 / 716,33.5,128
Q15020,SART3,198 / 716,14.6,70
P52434,POLR2H,196 / 716,1.8,13
Q8IWS0,PHF6,156 / 716,1.8,8
O43159,RRP8,50 / 716,1.5,4
Q9NPA8,ENY2,84 / 716,2.2,6
Q8NFH3,NUP43,37 / 716,1.8,7
Q9BY44,EIF2A,90 / 716,4.3,18
Q15427,SF3B4,198 / 716,2.9,13
Q6STE5,SMARCD3,29 / 716,1.5,4
Q96GM5,SMARCD1,60 / 716,2.3,8
Q12888,TP53BP1,146 / 716,13.5,124
Q9NY61,AATF,39 / 716,2.1,12
Q9Y3C1,NOP16,57 / 716,3.1,8
Q9NW64,RBM22,45 / 716,3.4,17
P49915,GMPS,229 / 716,5.2,29
O60828,PQBP1,67 / 716,2.9,13
Q14126,DSG2,113 / 716,10.8,62
P01619,IGKV3-20,1 / 716,1,1
P13804,ETFA,148 / 716,5.8,36
O15523,DDX3Y,480 / 716,9.8,66
Q13492,PICALM,78 / 716,2.1,31
Q9NV06,DCAF13,7 / 716,2.4,7
Q7L1Q6,BZW1,35 / 716,2,11
O94973,AP2A2,80 / 716,1.5,10
Q96QC0,PPP1R10,158 / 716,23.8,90
P19784,CSNK2A2,74 / 716,2.1,12
Q8NEV1,CSNK2A3,149 / 716,3.6,25
P68400,CSNK2A1,150 / 716,3.7,25
O14646,CHD1,94 / 716,7.3,57
Q99549,MPHOSPH8,22 / 716,2.1,6
Q14315,FLNC,373 / 716,14.7,154
Q9H2P0,ADNP,139 / 716,26.2,131
Q9BZK7,TBL1XR1,45 / 716,1.2,2
O95758,PTBP3,182 / 716,2.4,10
O60231,DHX16,112 / 716,2.3,13
Q9UMY1,NOL7,42 / 716,2.1,6
Q9Y3A2,UTP11,2 / 716,1.5,2
O60306,AQR,52 / 716,7.9,37
O75683,SURF6,114 / 716,5.6,27
Q04760,GLO1,130 / 716,4.5,26
Q9Y3E1,HDGFL3,93 / 716,1.8,5
P82970,HMGN5,32 / 716,1.8,5
Q99439,CNN2,164 / 716,2.6,13
P12235,SLC25A4,478 / 716,7.5,48
Q12789,GTF3C1,134 / 716,6.7,49
Q15007,WTAP,77 / 716,2.3,17
Q9BTC0,DIDO1,140 / 716,27.2,184
Q9Y4Z0,LSM4,139 / 716,3.3,17
P27695,APEX1,109 / 716,3.2,12
Q86X83,COMMD2,9 / 716,1.3,3
P24941,CDK2,234 / 716,2.4,13
Q9NYV4,CDK12,199 / 716,4.4,27
Q14004,CDK13,193 / 716,3.1,25
O95478,NSA2,36 / 716,1.5,6
P56182,RRP1,92 / 716,1.7,7
P53350,PLK1,54 / 716,1.4,3
Q96QD9,FYTTD1,24 / 716,2.1,8
Q8N1G0,ZNF687,82 / 716,2.9,10
Q5VZL5,ZMYM4,93 / 716,6,20
Q14240,EIF4A2,461 / 716,7.4,37
P35241,RDX,225 / 716,4.5,50
Q9UBB9,TFIP11,129 / 716,12,53
Q969V3,NCLN,41 / 716,1.8,6
Q96T58,SPEN,101 / 716,24.3,73
Q5SRE5,NUP188,52 / 716,1.8,9
Q04917,YWHAH,313 / 716,4.2,29
P08579,SNRPB2,214 / 716,3.6,36
Q9BRL6,SRSF8,204 / 716,2.2,8
Q14966,ZNF638,152 / 716,11.8,105
Q92879,CELF1,26 / 716,1.3,3
P49750,YLPM1,162 / 716,16.7,100
Q68CQ4,DIEXF,1 / 716,1,1
P54886,ALDH18A1,292 / 716,11.2,57
Q9BZJ0,CRNKL1,92 / 716,3.9,29
P07237,P4HB,247 / 716,13.1,85
Q86VM9,ZC3H18,123 / 716,5.1,33
Q96KM6,ZNF512B,71 / 716,3.4,14
Q14141,SEPT6,120 / 716,2.3,7
O75477,ERLIN1,81 / 716,1.7,9
Q9NPD3,EXOSC4,124 / 716,2.7,16
Q53F19,NCBP3,81 / 716,2.3,18
P51116,FXR2,139 / 716,3.7,47
P53990,IST1,8 / 716,1.3,2
Q9H0H5,RACGAP1,72 / 716,4.4,35
P10398,ARAF,42 / 716,1.2,3
Q92804,TAF15,383 / 716,6.1,41
Q9Y2K7,KDM2A,24 / 716,3.5,13
P28070,PSMB4,149 / 716,3.5,17
P42696,RBM34,87 / 716,2.4,13
Q8IZH2,XRN1,105 / 716,16.3,49
O14497,ARID1A,129 / 716,7.7,51
P62820,RAB1A,195 / 716,4,20
O60885,BRD4,128 / 716,21,95
P51153,RAB13,128 / 716,2,8
Q13427,PPIG,86 / 716,4.1,20
Q9HCS7,XAB2,140 / 716,18,122
P24468,NR2F2,4 / 716,2.5,7
Q9H5H4,ZNF768,22 / 716,1.2,4
P35612,ADD2,44 / 716,1.2,7
Q9P0K7,RAI14,121 / 716,18.6,100
Q86UE4,MTDH,179 / 716,5.7,20
Q13610,PWP1,64 / 716,2.7,7
Q8N9T8,KRI1,131 / 716,2.3,18
Q5SY16,NOL9,78 / 716,2.6,10
Q15024,EXOSC7,84 / 716,2.1,10
Q13547,HDAC1,306 / 716,4.5,45
Q9UPN9,TRIM33,69 / 716,2.2,6
Q14807,KIF22,65 / 716,1.8,9
Q96SB4,SRPK1,157 / 716,2.8,13
Q96RN5,MED15,11 / 716,1.1,2
Q13418,ILK,10 / 716,1.1,2
Q9BWE0,REPIN1,2 / 716,1,1
Q96T23,RSF1,89 / 716,6.4,45
P31483,TIA1,83 / 716,5.5,16
Q9P013,CWC15,151 / 716,5,20
Q5T3I0,GPATCH4,114 / 716,2.6,14
Q96SY0,INTS14,5 / 716,1,1
O15164,TRIM24,59 / 716,2.2,8
P78316,NOP14,46 / 716,2.8,11
Q8N8A6,DDX51,18 / 716,1.7,6
Q9UKX7,NUP50,175 / 716,7.4,46
P35270,SPR,10 / 716,1.7,5
Q6NZY4,ZCCHC8,138 / 716,9,50
Q9Y281,CFL2,392 / 716,3.8,38
Q9UBD5,ORC3,85 / 716,2.5,10
P67775,PPP2CA,193 / 716,2.3,9
P62714,PPP2CB,193 / 716,2.2,9
Q8N3R9,MPP5,6 / 716,3,10
Q8N7H5,PAF1,131 / 716,5,44
O75717,WDHD1,107 / 716,5.4,52
Q9NUQ3,TXLNG,51 / 716,1.3,4
O60716,CTNND1,99 / 716,4,24
Q8NEJ9,NGDN,36 / 716,1.6,4
Q9BXY0,MAK16,23 / 716,2,5
Q9ULR0,ISY1,57 / 716,3.3,17
Q02241,KIF23,136 / 716,5.2,62
Q5C9Z4,NOM1,39 / 716,1.2,4
Q6PL18,ATAD2,29 / 716,5.1,32
Q6RFH5,WDR74,11 / 716,1.5,3
O60870,KIN,9 / 716,1.8,3
Q96P11,NSUN5,12 / 716,2.4,7
Q9NQT5,EXOSC3,137 / 716,1.8,9
Q9BRJ6,C7ORF50,62 / 716,2,6
Q9BRT6,LLPH,43 / 716,2.3,17
Q8N5F7,NKAP,125 / 716,3.6,14
Q16527,CSRP2,217 / 716,3.9,35
A8CG34,POM121C,76 / 716,1.9,12
Q96ST3,SIN3A,147 / 716,10.1,66
P17096,HMGA1,174 / 716,3.6,19
Q8WXA9,SREK1,147 / 716,4.2,36
Q96A65,EXOC4,112 / 716,5.6,22
P98179,RBM3,176 / 716,5.4,31
Q9NWT1,PAK1IP1,23 / 716,3,8
Q9UPT8,ZC3H4,134 / 716,6.9,70
Q96SB8,SMC6,6 / 716,1.8,5
P13861,PRKAR2A,140 / 716,2.3,9
Q92917,GPKOW,107 / 716,3.6,29
O95071,UBR5,44 / 716,2.4,24
Q9Y333,LSM2,75 / 716,2.2,7
P67936,TPM4,311 / 716,4,32
P11216,PYGB,71 / 716,2.5,12
Q00537,CDK17,157 / 716,1.2,3
Q96T17,MAP7D2,51 / 716,1.4,3
P06732,CKM,39 / 716,1.5,9
Q9NRW1,RAB6B,137 / 716,1.9,8
P20340,RAB6A,143 / 716,2.3,10
